Cust_id,cust_firstname,cust_lastname
1,Danny,Hamilton
2,Dustin,Ray
3,Rodney,Blake
4,Adam,Kim
5,Shelly,Smith
6,Michael,Salazar
7,Jeremy,Phillips
8,Angela,Davis
9,Becky,Hernandez
10,Amanda,Johnson
11,Ashley,Lowery
12,Kimberly,Willis
13,Scott,Adkins
14,James,King
15,Adam,Haynes
16,Patrick,Ball
17,Nicole,Armstrong
18,Kyle,Rogers
19,Karen,Hawkins
20,Julie,Mcdaniel
21,Robert,Nguyen
22,Kimberly,Frey
23,Anna,Marks
24,Kathryn,Patel
25,Michael,Morris
26,Juan,Carlson
27,Katelyn,Mendoza
28,Alison,Price
29,Sean,Medina
30,Meghan,Jennings
31,Jonathon,Simpson
32,Lisa,Clark
33,John,Cruz
34,Patricia,Duran
35,Karla,Soto
36,George,Wade
37,Emma,Clarke
38,Brian,Wright
39,Mario,Maldonado
40,Julia,Moore
41,Mallory,Collins
42,Carrie,Lopez
43,Erik,Carrillo
44,John,Austin
45,Joseph,Quinn
46,Robert,Kane
47,Carol,Ford
48,David,Forbes
49,Andrew,Brown
50,Teresa,Bryant
51,Suzanne,Miller
52,Christopher,Barajas
53,Madison,Baldwin
54,Anna,Holland
55,Ryan,Tate
56,Douglas,Martin
57,Benjamin,Goodwin
58,Kathryn,Taylor
59,Rebecca,Obrien
60,Krystal,Gray
61,Kevin,Blanchard
62,Kristy,Daniels
63,Michael,Melton
64,Andrea,Wiley
65,Peter,Dalton
66,Brooke,Ortiz
67,Lucas,Phillips
68,Charles,Taylor
69,Barbara,Moore
70,Cindy,Lee
71,Dennis,Berg
72,Sarah,Mason
73,Ian,Hernandez
74,Claire,Ramos
75,Michelle,Fox
76,Abigail,Torres
77,Jennifer,Chambers
78,Elizabeth,Cooper
79,Beverly,Clark
80,Krista,Manning
81,Jessica,Carrillo
82,Scott,Hess
83,Kathryn,Greene
84,Kayla,Wilson
85,Heather,Ponce
86,Melinda,Singh
87,Daniel,Ferguson
88,Chad,Mclaughlin
89,Jamie,Dawson
90,Hector,Mooney
91,Sara,Peck
92,William,Gentry
93,Jeremy,Lindsey
94,Robin,Gutierrez
95,Allison,Bridges
96,Troy,Norris
97,Sarah,Wise
98,David,Mason
99,Benjamin,Wright
100,Sharon,Logan
